sweep_q,pulse_shape,A0,delta0,A1,delta1,best_theta,fit_loss,unitarity_err
q0,cos,0.2,-0.1,0.5,0.0,3.940302650265164,4.444732956732071,3.782750275153774e-05
q0,cos,0.2,-0.05,0.5,0.0,3.940302650265164,4.444732584689384,3.778548256751399e-05
q0,cos,0.2,0.0,0.5,0.0,3.940302650265164,4.444732376155997,3.7796885193512134e-05
q0,cos,0.2,0.05000000000000002,0.5,0.0,3.940302650265164,4.444732584689384,3.778548256751399e-05
q0,cos,0.2,0.1,0.5,0.0,3.940302650265164,4.444732956732071,3.782750275153774e-05
q0,cos,0.4,-0.1,0.5,0.0,3.940302650265164,4.44330240121339,4.898476021238244e-05
q0,cos,0.4,-0.05,0.5,0.0,3.940302650265164,4.443302563014699,4.836702776025182e-05
q0,cos,0.4,0.0,0.5,0.0,3.940302650265164,4.443304438546043,4.757545951885144e-05
q0,cos,0.4,0.05000000000000002,0.5,0.0,3.940302650265164,4.443302563014699,4.836702776025182e-05
q0,cos,0.4,0.1,0.5,0.0,3.940302650265164,4.44330240121339,4.898476021238244e-05
q0,cos,0.6000000000000001,-0.1,0.5,0.0,3.940302650265164,4.441137143235454,3.518316321291127e-05
q0,cos,0.6000000000000001,-0.05,0.5,0.0,3.940302650265164,4.441133607993238,3.5043167092776366e-05
q0,cos,0.6000000000000001,0.0,0.5,0.0,3.940302650265164,4.441131188233039,3.536002024090913e-05
q0,cos,0.6000000000000001,0.05000000000000002,0.5,0.0,3.940302650265164,4.441133607993238,3.5043167092776366e-05
q0,cos,0.6000000000000001,0.1,0.5,0.0,3.940302650265164,4.441137143235454,3.518316321291127e-05
q0,cos,0.8,-0.1,0.5,0.0,3.940302650265164,4.4382674416941414,3.649613473973228e-05
q0,cos,0.8,-0.05,0.5,0.0,3.940302650265164,4.438258021636845,3.7249390564111436e-05
q0,cos,0.8,0.0,0.5,0.0,3.940302650265164,4.438250939916065,3.862228278318751e-05
q0,cos,0.8,0.05000000000000002,0.5,0.0,3.940302650265164,4.438258021636845,3.7249390564111436e-05
q0,cos,0.8,0.1,0.5,0.0,3.940302650265164,4.4382674416941414,3.649613473973228e-05
q0,cos,1.0,-0.1,0.5,0.0,3.940302650265164,4.434905643894667,4.539367655326991e-05
q0,cos,1.0,-0.05,0.5,0.0,3.940302650265164,4.434889723388947,4.763064577350791e-05
q0,cos,1.0,0.0,0.5,0.0,3.940302650265164,4.434883666345693,4.857497136617074e-05
q0,cos,1.0,0.05000000000000002,0.5,0.0,3.940302650265164,4.434889723388947,4.763064577350791e-05
q0,cos,1.0,0.1,0.5,0.0,3.940302650265164,4.434905643894667,4.539367655326991e-05
q0,cos,1.2,-0.1,0.5,0.0,3.940302650265164,4.431358105149782,3.645681714549077e-05
q0,cos,1.2,-0.05,0.5,0.0,3.940302650265164,4.431350854104536,3.561102383489214e-05
q0,cos,1.2,0.0,0.5,0.0,3.940302650265164,4.431343565012295,3.673073988846922e-05
q0,cos,1.2,0.05000000000000002,0.5,0.0,3.940302650265164,4.431350854104536,3.561102383489214e-05
q0,cos,1.2,0.1,0.5,0.0,3.940302650265164,4.431358105149782,3.645681714549077e-05
q1,cos,0.5,0.0,0.2,-0.1,4.046797316488547,4.368285923938622,6.186082107392462e-06
q1,cos,0.5,0.0,0.2,-0.05,4.046797316488547,4.368318802024947,6.732415030378036e-06
q1,cos,0.5,0.0,0.2,0.0,4.046797316488547,4.368377062725411,7.914834481221703e-06
q1,cos,0.5,0.0,0.2,0.05000000000000002,4.046797316488547,4.36837728138326,5.913311115477939e-06
q1,cos,0.5,0.0,0.2,0.1,4.046797316488547,4.368285923938622,6.186082107392462e-06
q1,cos,0.5,0.0,0.4,-0.1,3.940302650265164,4.413280070325246,1.9492722880707597e-05
q1,cos,0.5,0.0,0.4,-0.05,3.940302650265164,4.413349600707109,2.169839854640928e-05
q1,cos,0.5,0.0,0.4,0.0,3.940302650265164,4.4133722775165145,2.2471759344443944e-05
q1,cos,0.5,0.0,0.4,0.05000000000000002,3.940302650265164,4.413349600707109,2.169839854640928e-05
q1,cos,0.5,0.0,0.4,0.1,3.940302650265164,4.413280070325246,1.9492722880707597e-05
q1,cos,0.5,0.0,0.6000000000000001,-0.1,3.833807984041781,4.476397022270631,2.9879122041756424e-05
q1,cos,0.5,0.0,0.6000000000000001,-0.05,3.833807984041781,4.476543114871201,2.911321675391662e-05
q1,cos,0.5,0.0,0.6000000000000001,0.0,3.833807984041781,4.476537168661158,4.5178318413047414e-05
q1,cos,0.5,0.0,0.6000000000000001,0.05000000000000002,3.833807984041781,4.476543114871201,2.911321675391662e-05
q1,cos,0.5,0.0,0.6000000000000001,0.1,3.833807984041781,4.476397022270631,2.9879122041756424e-05
q1,cos,0.5,0.0,0.8,-0.1,3.7273133178183984,4.546361283900901,3.7465373434235064e-06
q1,cos,0.5,0.0,0.8,-0.05,3.7273133178183984,4.546504630437969,1.7633764599197306e-05
q1,cos,0.5,0.0,0.8,0.0,3.7273133178183984,4.5464860820036135,4.227409836025032e-05
q1,cos,0.5,0.0,0.8,0.05000000000000002,3.7273133178183984,4.546504630437969,1.7633764599197306e-05
q1,cos,0.5,0.0,0.8,0.1,3.7273133178183984,4.546361283900901,3.7465373434235064e-06
q1,cos,0.5,0.0,1.0,-0.1,3.6208186515950156,4.601030546716551,7.013505411254519e-05
q1,cos,0.5,0.0,1.0,-0.05,3.6208186515950156,4.601177916051005,7.152166659417745e-05
q1,cos,0.5,0.0,1.0,0.0,3.6208186515950156,4.601224756866169,7.261003801093286e-05
q1,cos,0.5,0.0,1.0,0.05000000000000002,3.6208186515950156,4.601177916051005,7.152166659417745e-05
q1,cos,0.5,0.0,1.0,0.1,3.6208186515950156,4.601030546716551,7.013505411254519e-05
q1,cos,0.5,0.0,1.2,-0.1,3.514323985371633,4.590073775286876,3.6777209286155414e-06
q1,cos,0.5,0.0,1.2,-0.05,3.514323985371633,4.590299182504598,2.0361702994997897e-06
q1,cos,0.5,0.0,1.2,0.0,3.514323985371633,4.590046739447734,1.8513140096862467e-06
q1,cos,0.5,0.0,1.2,0.05000000000000002,3.514323985371633,4.590636070690797,3.474065356627721e-06
q1,cos,0.5,0.0,1.2,0.1,3.514323985371633,4.590073775286876,3.6777209286155414e-06
q0,chirp,0.2,-0.1,0.5,0.0,3.940302650265164,4.444982253194885,3.7428017486150834e-05
q0,chirp,0.2,-0.05,0.5,0.0,3.940302650265164,4.444985815298141,3.769086133970247e-05
q0,chirp,0.2,0.0,0.5,0.0,3.940302650265164,4.444989814434919,3.796217721666412e-05
q0,chirp,0.2,0.05000000000000002,0.5,0.0,3.940302650265164,4.44499442448854,3.801367940774475e-05
q0,chirp,0.2,0.1,0.5,0.0,3.940302650265164,4.44499833837907,3.815722043402017e-05
q0,chirp,0.4,-0.1,0.5,0.0,3.940302650265164,4.444305633192835,3.677745104253203e-05
q0,chirp,0.4,-0.05,0.5,0.0,3.940302650265164,4.444336676247631,3.3106387532468814e-05
q0,chirp,0.4,0.0,0.5,0.0,3.940302650265164,4.444349423289003,3.504286393012962e-05
q0,chirp,0.4,0.05000000000000002,0.5,0.0,3.940302650265164,4.4443665124353275,3.521723362370124e-05
q0,chirp,0.4,0.1,0.5,0.0,3.940302650265164,4.4443798072860465,3.659604710093477e-05
q0,chirp,0.6000000000000001,-0.1,0.5,0.0,3.940302650265164,4.443159422976677,4.755570466391071e-05
q0,chirp,0.6000000000000001,-0.05,0.5,0.0,3.940302650265164,4.443218148153723,4.223903036492445e-05
q0,chirp,0.6000000000000001,0.0,0.5,0.0,3.940302650265164,4.443254905339745,4.349028925795888e-05
q0,chirp,0.6000000000000001,0.05000000000000002,0.5,0.0,3.940302650265164,4.443313733319366,3.762201128191526e-05
q0,chirp,0.6000000000000001,0.1,0.5,0.0,3.940302650265164,4.443324942490326,4.5684391808978326e-05
q0,chirp,0.8,-0.1,0.5,0.0,3.940302650265164,4.441689518989345,3.2720191641422734e-05
q0,chirp,0.8,-0.05,0.5,0.0,3.940302650265164,4.4417640553653355,3.2185324919368874e-05
q0,chirp,0.8,0.0,0.5,0.0,3.940302650265164,4.441833064613167,3.167913959817768e-05
q0,chirp,0.8,0.05000000000000002,0.5,0.0,3.940302650265164,4.441911086467312,3.0624977964822714e-05
q0,chirp,0.8,0.1,0.5,0.0,3.940302650265164,4.441983161322843,3.0173615001143094e-05
q0,chirp,1.0,-0.1,0.5,0.0,3.940302650265164,4.439783344772759,4.269942565434612e-05
q0,chirp,1.0,-0.05,0.5,0.0,3.940302650265164,4.439899894273565,3.979701837315724e-05
q0,chirp,1.0,0.0,0.5,0.0,3.940302650265164,4.440030221482661,3.229513141317175e-05
q0,chirp,1.0,0.05000000000000002,0.5,0.0,3.940302650265164,4.440085921168187,4.612695905724336e-05
q0,chirp,1.0,0.1,0.5,0.0,3.940302650265164,4.440223355123094,3.672694228418201e-05
q0,chirp,1.2,-0.1,0.5,0.0,3.940302650265164,4.437513138239476,6.531861378681512e-05
q0,chirp,1.2,-0.05,0.5,0.0,3.940302650265164,4.437736499316975,4.239743755177206e-05
q0,chirp,1.2,0.0,0.5,0.0,3.940302650265164,4.437861048016711,4.836907184719214e-05
q0,chirp,1.2,0.05000000000000002,0.5,0.0,3.940302650265164,4.438039197145338,3.8069209630109737e-05
q0,chirp,1.2,0.1,0.5,0.0,3.940302650265164,4.438179878214253,3.839440211676068e-05
q1,chirp,0.5,0.0,0.2,-0.1,4.046797316488547,4.354978753319558,6.588643313400371e-06
q1,chirp,0.5,0.0,0.2,-0.05,4.046797316488547,4.354770210254939,4.123680898394882e-06
q1,chirp,0.5,0.0,0.2,0.0,4.046797316488547,4.354579353386484,5.371959695770248e-06
q1,chirp,0.5,0.0,0.2,0.05000000000000002,4.046797316488547,4.35439334626951,8.294387912881733e-06
q1,chirp,0.5,0.0,0.2,0.1,4.046797316488547,4.354249548118101,7.825287976394178e-06
q1,chirp,0.5,0.0,0.4,-0.1,4.046797316488547,4.369824142712799,4.397885938968893e-06
q1,chirp,0.5,0.0,0.4,-0.05,4.046797316488547,4.369059764426158,6.883146043787012e-06
q1,chirp,0.5,0.0,0.4,0.0,4.046797316488547,4.368519530897905,7.416169106301593e-06
q1,chirp,0.5,0.0,0.4,0.05000000000000002,4.046797316488547,4.36806839016582,7.49601928467097e-06
q1,chirp,0.5,0.0,0.4,0.1,4.046797316488547,4.367477256181737,7.482130876504585e-06
q1,chirp,0.5,0.0,0.6000000000000001,-0.1,4.046797316488547,4.39201297812893,5.059521846912754e-06
q1,chirp,0.5,0.0,0.6000000000000001,-0.05,4.046797316488547,4.390735281585781,7.782381558695063e-06
q1,chirp,0.5,0.0,0.6000000000000001,0.0,4.046797316488547,4.389551315894667,7.605505019789558e-06
q1,chirp,0.5,0.0,0.6000000000000001,0.05000000000000002,4.046797316488547,4.388468066273783,6.325651220959641e-06
q1,chirp,0.5,0.0,0.6000000000000001,0.1,4.046797316488547,4.387430894415518,2.361362424077141e-06
q1,chirp,0.5,0.0,0.8,-0.1,3.940302650265164,4.4192691572143445,3.6113455640999185e-05
q1,chirp,0.5,0.0,0.8,-0.05,3.940302650265164,4.417580627900403,2.92424992208871e-05
q1,chirp,0.5,0.0,0.8,0.0,3.940302650265164,4.415852268041904,2.3012552322985602e-05
q1,chirp,0.5,0.0,0.8,0.05000000000000002,3.940302650265164,4.414179883771167,1.5948108887269393e-05
q1,chirp,0.5,0.0,0.8,0.1,3.940302650265164,4.412547961851062,2.8532015336750757e-05
q1,chirp,0.5,0.0,1.0,-0.1,3.940302650265164,4.452895485155582,3.4922478507577524e-05
q1,chirp,0.5,0.0,1.0,-0.05,3.940302650265164,4.450109942444993,3.72736557632716e-05
q1,chirp,0.5,0.0,1.0,0.0,3.940302650265164,4.447419263807763,3.532068312741205e-05
q1,chirp,0.5,0.0,1.0,0.05000000000000002,3.940302650265164,4.444864876152816,3.436578610634686e-05
q1,chirp,0.5,0.0,1.0,0.1,3.940302650265164,4.442225071283758,4.234721631716835e-05
q1,chirp,0.5,0.0,1.2,-0.1,3.833807984041781,4.489417551404819,1.6339193577516837e-05
q1,chirp,0.5,0.0,1.2,-0.05,3.833807984041781,4.4861416677768835,1.7419028381354335e-05
q1,chirp,0.5,0.0,1.2,0.0,3.833807984041781,4.482814928504528,5.8590736988162324e-05
q1,chirp,0.5,0.0,1.2,0.05000000000000002,3.833807984041781,4.479730697145987,5.378812926780838e-05
q1,chirp,0.5,0.0,1.2,0.1,3.833807984041781,4.476737534495305,4.292200962006725e-05
q0,square,0.2,-0.1,0.5,0.0,3.940302650265164,4.445112503019241,3.7872657883609697e-05
q0,square,0.2,-0.05,0.5,0.0,3.940302650265164,4.445112503019241,3.7872657883609697e-05
q0,square,0.2,0.0,0.5,0.0,3.940302650265164,4.445112503019241,3.7872657883609697e-05
q0,square,0.2,0.05000000000000002,0.5,0.0,3.940302650265164,4.445112503019241,3.7872657883609697e-05
q0,square,0.2,0.1,0.5,0.0,3.940302650265164,4.445112503019241,3.7872657883609697e-05
q0,square,0.4,-0.1,0.5,0.0,3.940302650265164,4.444819389739018,3.6650014869940447e-05
q0,square,0.4,-0.05,0.5,0.0,3.940302650265164,4.444819389739018,3.6650014869940447e-05
q0,square,0.4,0.0,0.5,0.0,3.940302650265164,4.444819389739018,3.6650014869940447e-05
q0,square,0.4,0.05000000000000002,0.5,0.0,3.940302650265164,4.444819389739018,3.6650014869940447e-05
q0,square,0.4,0.1,0.5,0.0,3.940302650265164,4.444819389739018,3.6650014869940447e-05
q0,square,0.6000000000000001,-0.1,0.5,0.0,3.940302650265164,4.444382077004942,3.5307913074378915e-05
q0,square,0.6000000000000001,-0.05,0.5,0.0,3.940302650265164,4.444382077004942,3.5307913074378915e-05
q0,square,0.6000000000000001,0.0,0.5,0.0,3.940302650265164,4.444382077004942,3.5307913074378915e-05
q0,square,0.6000000000000001,0.05000000000000002,0.5,0.0,3.940302650265164,4.444382077004942,3.5307913074378915e-05
q0,square,0.6000000000000001,0.1,0.5,0.0,3.940302650265164,4.444382077004942,3.5307913074378915e-05
q0,square,0.8,-0.1,0.5,0.0,3.940302650265164,4.443643094632902,4.524535657858388e-05
q0,square,0.8,-0.05,0.5,0.0,3.940302650265164,4.443643094632902,4.524535657858388e-05
q0,square,0.8,0.0,0.5,0.0,3.940302650265164,4.443643094632902,4.524535657858388e-05
q0,square,0.8,0.05000000000000002,0.5,0.0,3.940302650265164,4.443643094632902,4.524535657858388e-05
q0,square,0.8,0.1,0.5,0.0,3.940302650265164,4.443643094632902,4.524535657858388e-05
q0,square,1.0,-0.1,0.5,0.0,3.940302650265164,4.44285377701014,3.769111946257416e-05
q0,square,1.0,-0.05,0.5,0.0,3.940302650265164,4.44285377701014,3.769111946257416e-05
q0,square,1.0,0.0,0.5,0.0,3.940302650265164,4.44285377701014,3.769111946257416e-05
q0,square,1.0,0.05000000000000002,0.5,0.0,3.940302650265164,4.44285377701014,3.769111946257416e-05
q0,square,1.0,0.1,0.5,0.0,3.940302650265164,4.44285377701014,3.769111946257416e-05
q0,square,1.2,-0.1,0.5,0.0,3.940302650265164,4.441876490307279,2.942889848193513e-05
q0,square,1.2,-0.05,0.5,0.0,3.940302650265164,4.441876490307279,2.942889848193513e-05
q0,square,1.2,0.0,0.5,0.0,3.940302650265164,4.441876490307279,2.942889848193513e-05
q0,square,1.2,0.05000000000000002,0.5,0.0,3.940302650265164,4.441876490307279,2.942889848193513e-05
q0,square,1.2,0.1,0.5,0.0,3.940302650265164,4.441876490307279,2.942889848193513e-05
q1,square,0.5,0.0,0.2,-0.1,4.046797316488547,4.354300930044348,5.475713956407354e-06
q1,square,0.5,0.0,0.2,-0.05,4.046797316488547,4.354300930044348,5.475713956407354e-06
q1,square,0.5,0.0,0.2,0.0,4.046797316488547,4.354300930044348,5.475713956407354e-06
q1,square,0.5,0.0,0.2,0.05000000000000002,4.046797316488547,4.354300930044348,5.475713956407354e-06
q1,square,0.5,0.0,0.2,0.1,4.046797316488547,4.354300930044348,5.475713956407354e-06
q1,square,0.5,0.0,0.4,-0.1,4.046797316488547,4.362485051813194,7.485053162422606e-06
q1,square,0.5,0.0,0.4,-0.05,4.046797316488547,4.362485051813194,7.485053162422606e-06
q1,square,0.5,0.0,0.4,0.0,4.046797316488547,4.362485051813194,7.485053162422606e-06
q1,square,0.5,0.0,0.4,0.05000000000000002,4.046797316488547,4.362485051813194,7.485053162422606e-06
q1,square,0.5,0.0,0.4,0.1,4.046797316488547,4.362485051813194,7.485053162422606e-06
q1,square,0.5,0.0,0.6000000000000001,-0.1,4.046797316488547,4.379373733106178,4.836798172463434e-06
q1,square,0.5,0.0,0.6000000000000001,-0.05,4.046797316488547,4.379373733106178,4.836798172463434e-06
q1,square,0.5,0.0,0.6000000000000001,0.0,4.046797316488547,4.379373733106178,4.836798172463434e-06
q1,square,0.5,0.0,0.6000000000000001,0.05000000000000002,4.046797316488547,4.379373733106178,4.836798172463434e-06
q1,square,0.5,0.0,0.6000000000000001,0.1,4.046797316488547,4.379373733106178,4.836798172463434e-06
q1,square,0.5,0.0,0.8,-0.1,4.046797316488547,4.405593909580707,6.463641627968974e-06
q1,square,0.5,0.0,0.8,-0.05,4.046797316488547,4.405593909580707,6.463641627968974e-06
q1,square,0.5,0.0,0.8,0.0,4.046797316488547,4.405593909580707,6.463641627968974e-06
q1,square,0.5,0.0,0.8,0.05000000000000002,4.046797316488547,4.405593909580707,6.463641627968974e-06
q1,square,0.5,0.0,0.8,0.1,4.046797316488547,4.405593909580707,6.463641627968974e-06
q1,square,0.5,0.0,1.0,-0.1,3.940302650265164,4.434555284260073,6.89195752549766e-05
q1,square,0.5,0.0,1.0,-0.05,3.940302650265164,4.434555284260073,6.89195752549766e-05
q1,square,0.5,0.0,1.0,0.0,3.940302650265164,4.434555284260073,6.89195752549766e-05
q1,square,0.5,0.0,1.0,0.05000000000000002,3.940302650265164,4.434555284260073,6.89195752549766e-05
q1,square,0.5,0.0,1.0,0.1,3.940302650265164,4.434555284260073,6.89195752549766e-05
q1,square,0.5,0.0,1.2,-0.1,3.940302650265164,4.460258410259166,2.7814041398434988e-05
q1,square,0.5,0.0,1.2,-0.05,3.940302650265164,4.460258410259166,2.7814041398434988e-05
q1,square,0.5,0.0,1.2,0.0,3.940302650265164,4.460258410259166,2.7814041398434988e-05
q1,square,0.5,0.0,1.2,0.05000000000000002,3.940302650265164,4.460258410259166,2.7814041398434988e-05
q1,square,0.5,0.0,1.2,0.1,3.940302650265164,4.460258410259166,2.7814041398434988e-05
q0,gaussian,0.2,-0.1,0.5,0.0,3.940302650265164,4.445171984740268,3.6949501368043234e-05
q0,gaussian,0.2,-0.05,0.5,0.0,3.940302650265164,4.445171984740268,3.6949501368043234e-05
q0,gaussian,0.2,0.0,0.5,0.0,3.940302650265164,4.445171984740268,3.6949501368043234e-05
q0,gaussian,0.2,0.05000000000000002,0.5,0.0,3.940302650265164,4.445171984740268,3.6949501368043234e-05
q0,gaussian,0.2,0.1,0.5,0.0,3.940302650265164,4.445171984740268,3.6949501368043234e-05
q0,gaussian,0.4,-0.1,0.5,0.0,3.940302650265164,4.445052795803938,3.661191488753196e-05
q0,gaussian,0.4,-0.05,0.5,0.0,3.940302650265164,4.445052795803938,3.661191488753196e-05
q0,gaussian,0.4,0.0,0.5,0.0,3.940302650265164,4.445052795803938,3.661191488753196e-05
q0,gaussian,0.4,0.05000000000000002,0.5,0.0,3.940302650265164,4.445052795803938,3.661191488753196e-05
q0,gaussian,0.4,0.1,0.5,0.0,3.940302650265164,4.445052795803938,3.661191488753196e-05
q0,gaussian,0.6000000000000001,-0.1,0.5,0.0,3.940302650265164,4.444853445872431,3.668051717674534e-05
q0,gaussian,0.6000000000000001,-0.05,0.5,0.0,3.940302650265164,4.444853445872431,3.668051717674534e-05
q0,gaussian,0.6000000000000001,0.0,0.5,0.0,3.940302650265164,4.444853445872431,3.668051717674534e-05
q0,gaussian,0.6000000000000001,0.05000000000000002,0.5,0.0,3.940302650265164,4.444853445872431,3.668051717674534e-05
q0,gaussian,0.6000000000000001,0.1,0.5,0.0,3.940302650265164,4.444853445872431,3.668051717674534e-05
q0,gaussian,0.8,-0.1,0.5,0.0,3.940302650265164,4.444573906743604,3.7596684096082716e-05
q0,gaussian,0.8,-0.05,0.5,0.0,3.940302650265164,4.444573906743604,3.7596684096082716e-05
q0,gaussian,0.8,0.0,0.5,0.0,3.940302650265164,4.444573906743604,3.7596684096082716e-05
q0,gaussian,0.8,0.05000000000000002,0.5,0.0,3.940302650265164,4.444573906743604,3.7596684096082716e-05
q0,gaussian,0.8,0.1,0.5,0.0,3.940302650265164,4.444573906743604,3.7596684096082716e-05
q0,gaussian,1.0,-0.1,0.5,0.0,3.940302650265164,4.444222825860395,3.759029639662357e-05
q0,gaussian,1.0,-0.05,0.5,0.0,3.940302650265164,4.444222825860395,3.759029639662357e-05
q0,gaussian,1.0,0.0,0.5,0.0,3.940302650265164,4.444222825860395,3.759029639662357e-05
q0,gaussian,1.0,0.05000000000000002,0.5,0.0,3.940302650265164,4.444222825860395,3.759029639662357e-05
q0,gaussian,1.0,0.1,0.5,0.0,3.940302650265164,4.444222825860395,3.759029639662357e-05
q0,gaussian,1.2,-0.1,0.5,0.0,3.940302650265164,4.443769032480959,4.6758585662178756e-05
q0,gaussian,1.2,-0.05,0.5,0.0,3.940302650265164,4.443769032480959,4.6758585662178756e-05
q0,gaussian,1.2,0.0,0.5,0.0,3.940302650265164,4.443769032480959,4.6758585662178756e-05
q0,gaussian,1.2,0.05000000000000002,0.5,0.0,3.940302650265164,4.443769032480959,4.6758585662178756e-05
q0,gaussian,1.2,0.1,0.5,0.0,3.940302650265164,4.443769032480959,4.6758585662178756e-05
q1,gaussian,0.5,0.0,0.2,-0.1,4.046797316488547,4.350865519951701,6.010829960313527e-06
q1,gaussian,0.5,0.0,0.2,-0.05,4.046797316488547,4.350865519951701,6.010829960313527e-06
q1,gaussian,0.5,0.0,0.2,0.0,4.046797316488547,4.350865519951701,6.010829960313527e-06
q1,gaussian,0.5,0.0,0.2,0.05000000000000002,4.046797316488547,4.350865519951701,6.010829960313527e-06
q1,gaussian,0.5,0.0,0.2,0.1,4.046797316488547,4.350865519951701,6.010829960313527e-06
q1,gaussian,0.5,0.0,0.4,-0.1,4.046797316488547,4.356571471928822,6.113124592416337e-06
q1,gaussian,0.5,0.0,0.4,-0.05,4.046797316488547,4.356571471928822,6.113124592416337e-06
q1,gaussian,0.5,0.0,0.4,0.0,4.046797316488547,4.356571471928822,6.113124592416337e-06
q1,gaussian,0.5,0.0,0.4,0.05000000000000002,4.046797316488547,4.356571471928822,6.113124592416337e-06
q1,gaussian,0.5,0.0,0.4,0.1,4.046797316488547,4.356571471928822,6.113124592416337e-06
q1,gaussian,0.5,0.0,0.6000000000000001,-0.1,4.046797316488547,4.3642367746222925,4.211587224404709e-06
q1,gaussian,0.5,0.0,0.6000000000000001,-0.05,4.046797316488547,4.3642367746222925,4.211587224404709e-06
q1,gaussian,0.5,0.0,0.6000000000000001,0.0,4.046797316488547,4.3642367746222925,4.211587224404709e-06
q1,gaussian,0.5,0.0,0.6000000000000001,0.05000000000000002,4.046797316488547,4.3642367746222925,4.211587224404709e-06
q1,gaussian,0.5,0.0,0.6000000000000001,0.1,4.046797316488547,4.3642367746222925,4.211587224404709e-06
q1,gaussian,0.5,0.0,0.8,-0.1,4.046797316488547,4.374178277989822,7.562801224251782e-06
q1,gaussian,0.5,0.0,0.8,-0.05,4.046797316488547,4.374178277989822,7.562801224251782e-06
q1,gaussian,0.5,0.0,0.8,0.0,4.046797316488547,4.374178277989822,7.562801224251782e-06
q1,gaussian,0.5,0.0,0.8,0.05000000000000002,4.046797316488547,4.374178277989822,7.562801224251782e-06
q1,gaussian,0.5,0.0,0.8,0.1,4.046797316488547,4.374178277989822,7.562801224251782e-06
q1,gaussian,0.5,0.0,1.0,-0.1,4.046797316488547,4.386273668863307,6.038963712601403e-06
q1,gaussian,0.5,0.0,1.0,-0.05,4.046797316488547,4.386273668863307,6.038963712601403e-06
q1,gaussian,0.5,0.0,1.0,0.0,4.046797316488547,4.386273668863307,6.038963712601403e-06
q1,gaussian,0.5,0.0,1.0,0.05000000000000002,4.046797316488547,4.386273668863307,6.038963712601403e-06
q1,gaussian,0.5,0.0,1.0,0.1,4.046797316488547,4.386273668863307,6.038963712601403e-06
q1,gaussian,0.5,0.0,1.2,-0.1,4.046797316488547,4.400646555051753,6.746869643044951e-06
q1,gaussian,0.5,0.0,1.2,-0.05,4.046797316488547,4.400646555051753,6.746869643044951e-06
q1,gaussian,0.5,0.0,1.2,0.0,4.046797316488547,4.400646555051753,6.746869643044951e-06
q1,gaussian,0.5,0.0,1.2,0.05000000000000002,4.046797316488547,4.400646555051753,6.746869643044951e-06
q1,gaussian,0.5,0.0,1.2,0.1,4.046797316488547,4.400646555051753,6.746869643044951e-06
q0,drag,0.2,-0.1,0.5,0.0,3.940302650265164,4.444969024557181,3.701625935127778e-05
q0,drag,0.2,-0.05,0.5,0.0,3.940302650265164,4.444969024557181,3.701625935127778e-05
q0,drag,0.2,0.0,0.5,0.0,3.940302650265164,4.444969024557181,3.701625935127778e-05
q0,drag,0.2,0.05000000000000002,0.5,0.0,3.940302650265164,4.444969024557181,3.701625935127778e-05
q0,drag,0.2,0.1,0.5,0.0,3.940302650265164,4.444969024557181,3.701625935127778e-05
q0,drag,0.4,-0.1,0.5,0.0,3.940302650265164,4.4442524118611075,3.707476702477817e-05
q0,drag,0.4,-0.05,0.5,0.0,3.940302650265164,4.4442524118611075,3.707476702477817e-05
q0,drag,0.4,0.0,0.5,0.0,3.940302650265164,4.4442524118611075,3.707476702477817e-05
q0,drag,0.4,0.05000000000000002,0.5,0.0,3.940302650265164,4.4442524118611075,3.707476702477817e-05
q0,drag,0.4,0.1,0.5,0.0,3.940302650265164,4.4442524118611075,3.707476702477817e-05
q0,drag,0.6000000000000001,-0.1,0.5,0.0,3.940302650265164,4.443095859006363,3.694055712533145e-05
q0,drag,0.6000000000000001,-0.05,0.5,0.0,3.940302650265164,4.443095859006363,3.694055712533145e-05
q0,drag,0.6000000000000001,0.0,0.5,0.0,3.940302650265164,4.443095859006363,3.694055712533145e-05
q0,drag,0.6000000000000001,0.05000000000000002,0.5,0.0,3.940302650265164,4.443095859006363,3.694055712533145e-05
q0,drag,0.6000000000000001,0.1,0.5,0.0,3.940302650265164,4.443095859006363,3.694055712533145e-05
q0,drag,0.8,-0.1,0.5,0.0,3.940302650265164,4.441562394485333,3.2943465957663966e-05
q0,drag,0.8,-0.05,0.5,0.0,3.940302650265164,4.441562394485333,3.2943465957663966e-05
q0,drag,0.8,0.0,0.5,0.0,3.940302650265164,4.441562394485333,3.2943465957663966e-05
q0,drag,0.8,0.05000000000000002,0.5,0.0,3.940302650265164,4.441562394485333,3.2943465957663966e-05
q0,drag,0.8,0.1,0.5,0.0,3.940302650265164,4.441562394485333,3.2943465957663966e-05
q0,drag,1.0,-0.1,0.5,0.0,3.940302650265164,4.439670222535338,4.1139574366051296e-05
q0,drag,1.0,-0.05,0.5,0.0,3.940302650265164,4.439670222535338,4.1139574366051296e-05
q0,drag,1.0,0.0,0.5,0.0,3.940302650265164,4.439670222535338,4.1139574366051296e-05
q0,drag,1.0,0.05000000000000002,0.5,0.0,3.940302650265164,4.439670222535338,4.1139574366051296e-05
q0,drag,1.0,0.1,0.5,0.0,3.940302650265164,4.439670222535338,4.1139574366051296e-05
q0,drag,1.2,-0.1,0.5,0.0,3.940302650265164,4.4375703965282,4.0897880386844466e-05
q0,drag,1.2,-0.05,0.5,0.0,3.940302650265164,4.4375703965282,4.0897880386844466e-05
q0,drag,1.2,0.0,0.5,0.0,3.940302650265164,4.4375703965282,4.0897880386844466e-05
q0,drag,1.2,0.05000000000000002,0.5,0.0,3.940302650265164,4.4375703965282,4.0897880386844466e-05
q0,drag,1.2,0.1,0.5,0.0,3.940302650265164,4.4375703965282,4.0897880386844466e-05
q1,drag,0.5,0.0,0.2,-0.1,4.046797316488547,4.355213451791734,8.573937421334922e-06
q1,drag,0.5,0.0,0.2,-0.05,4.046797316488547,4.355213451791734,8.573937421334922e-06
q1,drag,0.5,0.0,0.2,0.0,4.046797316488547,4.355213451791734,8.573937421334922e-06
q1,drag,0.5,0.0,0.2,0.05000000000000002,4.046797316488547,4.355213451791734,8.573937421334922e-06
q1,drag,0.5,0.0,0.2,0.1,4.046797316488547,4.355213451791734,8.573937421334922e-06
q1,drag,0.5,0.0,0.4,-0.1,4.046797316488547,4.3709002930764775,6.643774158135382e-06
q1,drag,0.5,0.0,0.4,-0.05,4.046797316488547,4.3709002930764775,6.643774158135382e-06
q1,drag,0.5,0.0,0.4,0.0,4.046797316488547,4.3709002930764775,6.643774158135382e-06
q1,drag,0.5,0.0,0.4,0.05000000000000002,4.046797316488547,4.3709002930764775,6.643774158135382e-06
q1,drag,0.5,0.0,0.4,0.1,4.046797316488547,4.3709002930764775,6.643774158135382e-06
q1,drag,0.5,0.0,0.6000000000000001,-0.1,4.046797316488547,4.394562778994481,6.000560298763136e-06
q1,drag,0.5,0.0,0.6000000000000001,-0.05,4.046797316488547,4.394562778994481,6.000560298763136e-06
q1,drag,0.5,0.0,0.6000000000000001,0.0,4.046797316488547,4.394562778994481,6.000560298763136e-06
q1,drag,0.5,0.0,0.6000000000000001,0.05000000000000002,4.046797316488547,4.394562778994481,6.000560298763136e-06
q1,drag,0.5,0.0,0.6000000000000001,0.1,4.046797316488547,4.394562778994481,6.000560298763136e-06
q1,drag,0.5,0.0,0.8,-0.1,3.940302650265164,4.423319303232601,4.4019158665972335e-05
q1,drag,0.5,0.0,0.8,-0.05,3.940302650265164,4.423319303232601,4.4019158665972335e-05
q1,drag,0.5,0.0,0.8,0.0,3.940302650265164,4.423319303232601,4.4019158665972335e-05
q1,drag,0.5,0.0,0.8,0.05000000000000002,3.940302650265164,4.423319303232601,4.4019158665972335e-05
q1,drag,0.5,0.0,0.8,0.1,3.940302650265164,4.423319303232601,4.4019158665972335e-05
q1,drag,0.5,0.0,1.0,-0.1,3.940302650265164,4.458210833771525,4.034824170839635e-05
q1,drag,0.5,0.0,1.0,-0.05,3.940302650265164,4.458210833771525,4.034824170839635e-05
q1,drag,0.5,0.0,1.0,0.0,3.940302650265164,4.458210833771525,4.034824170839635e-05
q1,drag,0.5,0.0,1.0,0.05000000000000002,3.940302650265164,4.458210833771525,4.034824170839635e-05
q1,drag,0.5,0.0,1.0,0.1,3.940302650265164,4.458210833771525,4.034824170839635e-05
q1,drag,0.5,0.0,1.2,-0.1,3.833807984041781,4.496248010666157,9.421335729018411e-06
q1,drag,0.5,0.0,1.2,-0.05,3.833807984041781,4.496248010666157,9.421335729018411e-06
q1,drag,0.5,0.0,1.2,0.0,3.833807984041781,4.496248010666157,9.421335729018411e-06
q1,drag,0.5,0.0,1.2,0.05000000000000002,3.833807984041781,4.496248010666157,9.421335729018411e-06
q1,drag,0.5,0.0,1.2,0.1,3.833807984041781,4.496248010666157,9.421335729018411e-06
